{
    "row1": "{'AcknowledgementId': '20230130134309NAL0032879522001', 'PlanYearBeginDate': '2022-01-01', 'PlanName': 'DUFFY BROTHERS, INC. 401(K) PLAN', 'SponsorName': 'DUFFY BROTHERS, INC.', 'SponsorUsAddress1': 'N3867 BADEN STREET', 'SponsorUsCity': 'COLUMBUS', 'SponsorUsState': 'WI', 'SponsorEin': '391033291', 'SponsorPhoneNumber': '9206234160', 'BusinessCode': '484120', 'TotalAssets': '1717596', 'TotalExpenses': '20314', 'SignedAdminName': 'PATRICK DUFFY'}",
    "row2": "{'AcknowledgementId': '20230130134320NAL0034273298001', 'PlanYearBeginDate': '2022-01-01', 'PlanName': 'TENDER HEARTS HOME CARE 401(K) PLAN', 'SponsorName': 'KSTEINBACH INC. DBA TENDER HEARTS HOME CARE', 'SponsorUsAddress1': '407 CARLUND PARKWAY', 'SponsorUsCity': 'NEW YORK MILLS', 'SponsorUsState': 'MN', 'SponsorEin': '900177269', 'SponsorPhoneNumber': '2183853466', 'BusinessCode': '621510', 'TotalAssets': '585880', 'TotalExpenses': '5682', 'SignedAdminName': 'KERRIE STEINBACH'}",
    "row3": "{'AcknowledgementId': '20230130134337NAL0032880066001', 'PlanYearBeginDate': '2022-01-01', 'PlanName': 'UPLIFTCX 401(K) PLAN', 'SponsorName': 'UPLIFTCX', 'SponsorUsAddress1': '12052 MCCORD HEIGHTS CT', 'SponsorUsCity': 'OREGON CITY', 'SponsorUsState': 'OR', 'SponsorEin': '842263817', 'SponsorPhoneNumber': '5033089294', 'BusinessCode': '541519', 'TotalAssets': '375423', 'TotalExpenses': '30003', 'SignedAdminName': 'TIM HASKINS'}",
    "row4": "{'AcknowledgementId': '20230130134347NAL0034274434001', 'PlanYearBeginDate': '2022-01-01', 'PlanName': 'K & M AIR CONDITIONING, INC. RETIREMENT PLAN', 'SponsorName': 'K & M AIR CONDITIONING, INC.', 'SponsorUsAddress1': '1243 NORTH LOMA VISTA', 'SponsorUsCity': 'MESA', 'SponsorUsState': 'AZ', 'SponsorEin': '860951761', 'SponsorPhoneNumber': '4808073140', 'BusinessCode': '238220', 'TotalAssets': '910699', 'TotalExpenses': '66648', 'SignedAdminName': 'KEITH NELSON'}",
    "row5": "{'AcknowledgementId': '20230130134425NAL0010784851001', 'PlanYearBeginDate': '2022-01-01', 'PlanName': 'RR COMPANY OF AMERICA, LLC 401(K) PROFIT SHARING PLAN', 'SponsorName': 'RR COMPANY OF AMERICA, LLC', 'SponsorUsAddress1': '1100 CAMELLIA BLVD. STE. 201', 'SponsorUsCity': 'LAFAYETTE', 'SponsorUsState': 'LA', 'SponsorEin': '721406380', 'SponsorPhoneNumber': '3379814060', 'BusinessCode': '541600', 'TotalAssets': '2170320', 'TotalExpenses': '67259', 'SignedAdminName': ''}",
    "row6": "{'AcknowledgementId': '20230130134448NAL0032881474001', 'PlanYearBeginDate': '2022-01-01', 'PlanName': 'KYCON, INC. 401(K) PLAN', 'SponsorName': 'KYCON, INC.', 'SponsorUsAddress1': '305 DIGITAL DR', 'SponsorUsCity': 'MORGAN HILL', 'SponsorUsState': 'CA', 'SponsorEin': '770176590', 'SponsorPhoneNumber': '4084940330', 'BusinessCode': '334310', 'TotalAssets': '3695964', 'TotalExpenses': '26220', 'SignedAdminName': 'ANH LAM'}",
    "row7": "{'AcknowledgementId': '20230130134451NAL0032881586001', 'PlanYearBeginDate': '2022-01-01', 'PlanName': 'WORLD DATA PRODUCTS, INC. 401(K) PROFIT SHARING PLAN', 'SponsorName': 'WORLD DATA PRODUCTS, INC.', 'SponsorUsAddress1': '1105 XENIUM LANE NORTH, SUITE 200', 'SponsorUsCity': 'PLYMOUTH', 'SponsorUsState': 'MN', 'SponsorEin': '411984175', 'SponsorPhoneNumber': '9524769000', 'BusinessCode': '423400', 'TotalAssets': '11073077', 'TotalExpenses': '501019', 'SignedAdminName': 'CINDY WILDER'}",
    "row8": "{'AcknowledgementId': '20230130134506NAL0010785107001', 'PlanYearBeginDate': '2022-01-01', 'PlanName': 'SCHUYLER V HAMILL DDS PC PROFIT SHARING PLAN', 'SponsorName': 'SCHUYLER V HAMILL DDS PC', 'SponsorUsAddress1': '751 CHESTNUT, SUITE 105', 'SponsorUsCity': 'BIRMINGHAM', 'SponsorUsState': 'MI', 'SponsorEin': '382853574', 'SponsorPhoneNumber': '2486423320', 'BusinessCode': '621210', 'TotalAssets': '2740244', 'TotalExpenses': '', 'SignedAdminName': 'SCHUYLER HAMILL DDS'}",
    "row9": "{'AcknowledgementId': '20230130134645NAL0034277506001', 'PlanYearBeginDate': '2022-01-01', 'PlanName': 'SHACKELL CONSULT. SERV. INC. 401(K) PLAN', 'SponsorName': 'SHACKELL CONSULTING SERVICES, INC.', 'SponsorUsAddress1': '20258 N 107TH DR', 'SponsorUsCity': 'SUN CITY', 'SponsorUsState': 'AZ', 'SponsorEin': '200090710', 'SponsorPhoneNumber': '6022844558', 'BusinessCode': '541600', 'TotalAssets': '2296683', 'TotalExpenses': '27498', 'SignedAdminName': 'ROBERT SHACKELL'}",
    "row10": "{'AcknowledgementId': '20230130134723NAL0012086707001', 'PlanYearBeginDate': '2022-01-01', 'PlanName': 'TIRE PROS AND WHEEL EXPERTS 401(K) PLAN', 'SponsorName': 'JD TIRE 2, INC.', 'SponsorUsAddress1': '1800 CREST VIEW DRIVE', 'SponsorUsCity': 'HUDSON', 'SponsorUsState': 'WI', 'SponsorEin': '272556456', 'SponsorPhoneNumber': '7158080195', 'BusinessCode': '441300', 'TotalAssets': '944841', 'TotalExpenses': '44938', 'SignedAdminName': 'JAY ANDREWS'}",
    "row11": "{'AcknowledgementId': '20230130134739NAL0032882322001', 'PlanYearBeginDate': '2022-01-01', 'PlanName': 'ALASKA BEST PLUMBING & HEATING 401(K) PLAN', 'SponsorName': 'HEMBREE ENTERPRISES, DBA ALASKA BEST PLUMBING & HEATING', 'SponsorUsAddress1': '2577 OLD RICHARDSON HWY', 'SponsorUsCity': 'NORTH POLE', 'SponsorUsState': 'AK', 'SponsorEin': '260761085', 'SponsorPhoneNumber': '9074556506', 'BusinessCode': '238220', 'TotalAssets': '252203', 'TotalExpenses': '30669', 'SignedAdminName': 'CHERYL DOWLE'}",
    "row12": "{'AcknowledgementId': '20230130134806NAL0034277906001', 'PlanYearBeginDate': '2022-01-01', 'PlanName': 'CLASSIC ELECTRIC 401(K) PROFIT SHARING PLAN', 'SponsorName': 'HONCO ENTERPRISES DBA CLASSIC ELECTRIC', 'SponsorUsAddress1': '8531 ABLETTE RD', 'SponsorUsCity': 'SANTEE', 'SponsorUsState': 'CA', 'SponsorEin': '330691305', 'SponsorPhoneNumber': '6194498580', 'BusinessCode': '238210', 'TotalAssets': '939988', 'TotalExpenses': '2003', 'SignedAdminName': 'TAMI HONEY'}",
    "row13": "{'AcknowledgementId': '20230130134824NAL0034278018001', 'PlanYearBeginDate': '2022-01-01', 'PlanName': 'JOHN HILL AGENCY 401(K) P/S PLAN', 'SponsorName': 'JOHN HILL AGENCY', 'SponsorUsAddress1': 'PO BOX K', 'SponsorUsCity': 'BAYVILLE', 'SponsorUsState': 'NJ', 'SponsorEin': '222129298', 'SponsorPhoneNumber': '7322690800', 'BusinessCode': '524210', 'TotalAssets': '657080', 'TotalExpenses': '23683', 'SignedAdminName': 'ELGA CHEN-HILL'}",
    "row14": "{'AcknowledgementId': '20230130134934NAL0012086915001', 'PlanYearBeginDate': '2022-01-01', 'PlanName': 'BARON COMPANIES QUALIFIED RETIREMENT PLAN', 'SponsorName': 'BARON CONSTRUCTION CORP.', 'SponsorUsAddress1': 'PMB 135', 'SponsorUsCity': 'ALBANY', 'SponsorUsState': 'NY', 'SponsorEin': '141723244', 'SponsorPhoneNumber': '5184568114', 'BusinessCode': '236200', 'TotalAssets': '2508993', 'TotalExpenses': '2026430', 'SignedAdminName': 'BERNICE PARKS'}",
    "row15": "{'AcknowledgementId': '20230130135010NAL0034278402001', 'PlanYearBeginDate': '2022-01-01', 'PlanName': 'BANK 1ST 401(K) PLAN', 'SponsorName': 'BANK 1ST', 'SponsorUsAddress1': '115 N VINE ST', 'SponsorUsCity': 'WEST UNION', 'SponsorUsState': 'IA', 'SponsorEin': '420253320', 'SponsorPhoneNumber': '5634223883', 'BusinessCode': '522110', 'TotalAssets': '4002422', 'TotalExpenses': '17549', 'SignedAdminName': 'TOBIN BRITT'}",
    "row16": "{'AcknowledgementId': '20230130135041NAL0034278498001', 'PlanYearBeginDate': '2022-01-01', 'PlanName': 'WASHINGTON ISLAND FERRY LINE, INC. 401(K) PLAN', 'SponsorName': 'WASHINGTON ISLAND FERRY LINE, INC.', 'SponsorUsAddress1': 'PO BOX 39', 'SponsorUsCity': 'WASHINGTON ISLAND', 'SponsorUsState': 'WI', 'SponsorEin': '390987428', 'SponsorPhoneNumber': '9208472546', 'BusinessCode': '483000', 'TotalAssets': '3211451', 'TotalExpenses': '104829', 'SignedAdminName': 'HOYT PURINTON'}",
    "row17": "{'AcknowledgementId': '20230130135045NAL0012086995001', 'PlanYearBeginDate': '2022-01-01', 'PlanName': 'HERITAGE CONSTRUCTION COMPANIES, LLC 401(K) PROFIT SHARING PLAN', 'SponsorName': 'HERITAGE CONSTRUCTION COMPANIES, LLC', 'SponsorUsAddress1': '10908 171ST AVENUE NW, SUITE C', 'SponsorUsCity': 'ELK RIVER', 'SponsorUsState': 'MN', 'SponsorEin': '830463441', 'SponsorPhoneNumber': '7636334080', 'BusinessCode': '', 'TotalAssets': '501584', 'TotalExpenses': '7909', 'SignedAdminName': 'HEATHER LANDWEHR'}",
    "row18": "{'AcknowledgementId': '20230130135132NAL0012087059001', 'PlanYearBeginDate': '2022-01-01', 'PlanName': 'SUPER SKY PRODUCTS ENTERPRISES, LLC 401(K) PLAN', 'SponsorName': 'SUPER SKY PRODUCTS ENTERPRISES, LLC', 'SponsorUsAddress1': '10301 N ENTERPRISE DRIVE', 'SponsorUsCity': 'MEQUON', 'SponsorUsState': 'WI', 'SponsorEin': '452494822', 'SponsorPhoneNumber': '2622422000', 'BusinessCode': '423300', 'TotalAssets': '6193341', 'TotalExpenses': '952983', 'SignedAdminName': 'CATHY MOLITOR'}",
    "row19": "{'AcknowledgementId': '20230130135155NAL0012087091001', 'PlanYearBeginDate': '2022-01-01', 'PlanName': 'CLARIO FINANCIAL 401(K) PROFIT SHARING PLAN', 'SponsorName': 'CLARIO FINANCIAL', 'SponsorUsAddress1': '2111 FOREST AVE', 'SponsorUsCity': 'CHICO', 'SponsorUsState': 'CA', 'SponsorEin': '271724361', 'SponsorPhoneNumber': '5308942244', 'BusinessCode': '523900', 'TotalAssets': '4914659', 'TotalExpenses': '3815', 'SignedAdminName': ''}",
    "row20": "{'AcknowledgementId': '20230130135249NAL0012087203001', 'PlanYearBeginDate': '2022-01-01', 'PlanName': 'US MATRIX 401(K) PLAN', 'SponsorName': 'US MATRIX TELECOMMUNICATIONS, INC.', 'SponsorUsAddress1': '231 RIVERSIDE DR #2502', 'SponsorUsCity': 'HOLLY HILL', 'SponsorUsState': 'FL', 'SponsorEin': '841719868', 'SponsorPhoneNumber': '2127846242', 'BusinessCode': '541519', 'TotalAssets': '765125', 'TotalExpenses': '350', 'SignedAdminName': 'EBER LACERDA'}",
    "row21": "{'AcknowledgementId': '20230130135420NAL0020233808001', 'PlanYearBeginDate': '2022-01-01', 'PlanName': 'MOJACK DISTRIBUTORS, LLC 401(K) PLAN', 'SponsorName': 'MOJACK DISTRIBUTORS, LLC', 'SponsorUsAddress1': '3535 NORTH ROCK ROAD, SUITE 300', 'SponsorUsCity': 'WICHITA', 'SponsorUsState': 'KS', 'SponsorEin': '208704241', 'SponsorPhoneNumber': '3162528341', 'BusinessCode': '423800', 'TotalAssets': '17855', 'TotalExpenses': '17436', 'SignedAdminName': 'ANGELA MENDOZA'}",
    "row22": "{'AcknowledgementId': '20230130135709NAL0012087603001', 'PlanYearBeginDate': '2022-01-01', 'PlanName': 'KABLE PRODUCTS SERVICES, INC. 401(K) PLAN', 'SponsorName': 'KABLE PRODUCTS SERVICES, INC.', 'SponsorUsAddress1': '4275 THUNDERBIRD LANE', 'SponsorUsCity': 'WEST CHESTER', 'SponsorUsState': 'OH', 'SponsorEin': '300446387', 'SponsorPhoneNumber': '9175972232', 'BusinessCode': '561900', 'TotalAssets': '2770716', 'TotalExpenses': '474231', 'SignedAdminName': 'JOAN THORNBLAD'}",
    "row23": "{'AcknowledgementId': '20230130135934NAL0016721841001', 'PlanYearBeginDate': '2022-01-01', 'PlanName': 'ELORAC, INC 401(K) SAVINGS PLAN', 'SponsorName': 'ELORAC, INC', 'SponsorUsAddress1': '100 N FAIRWAY DR STE 134', 'SponsorUsCity': 'VERNON HILLS', 'SponsorUsState': 'IL', 'SponsorEin': '261230975', 'SponsorPhoneNumber': '8473628200', 'BusinessCode': '446110', 'TotalAssets': '2027013', 'TotalExpenses': '227442', 'SignedAdminName': 'JEFFREY BERNSTEIN'}",
    "row24": "{'AcknowledgementId': '20230130140105NAL0016724241001', 'PlanYearBeginDate': '2022-01-01', 'PlanName': 'ACCUDOCK 401(K) PLAN', 'SponsorName': 'JMH MARINE, LLC', 'SponsorUsAddress1': '1790 SW 13TH ST', 'SponsorUsCity': 'PAMPANO BEACH', 'SponsorUsState': 'FL', 'SponsorEin': '650434491', 'SponsorPhoneNumber': '9548496230', 'BusinessCode': '336610', 'TotalAssets': '365692', 'TotalExpenses': '10570', 'SignedAdminName': 'PATRICIA NICHOLSON'}",
    "row25": "{'AcknowledgementId': '20230130140203NAL0018767232001', 'PlanYearBeginDate': '2022-01-01', 'PlanName': 'JOHNNY THOMPSON AGE-WEIGHTED PROFIT SHARING PLAN', 'SponsorName': 'JOHNNY THOMPSON', 'SponsorUsAddress1': '202 WEST FRANK STREET', 'SponsorUsCity': 'GRAND SALINE', 'SponsorUsState': 'TX', 'SponsorEin': '752073930', 'SponsorPhoneNumber': '9035393187', 'BusinessCode': '524210', 'TotalAssets': '1578606', 'TotalExpenses': '1363163', 'SignedAdminName': 'JOHNNY THOMPSON'}",
    "row26": "{'AcknowledgementId': '20230130140221NAL0018767952001', 'PlanYearBeginDate': '2022-01-01', 'PlanName': 'THE ACCURSO LAW FIRM PROFIT SHARING PLAN', 'SponsorName': 'THE ACCURSO LAW FIRM, A PROFESSIONAL CORP.', 'SponsorUsAddress1': '4646 ROANOKE PKWY', 'SponsorUsCity': 'KANSAS CITY', 'SponsorUsState': 'MO', 'SponsorEin': '431625966', 'SponsorPhoneNumber': '8165613900', 'BusinessCode': '541110', 'TotalAssets': '1836385', 'TotalExpenses': '231756', 'SignedAdminName': 'LOUIS ACCURSO'}",
    "row27": "{'AcknowledgementId': '20230130140258NAL0018769088001', 'PlanYearBeginDate': '2022-01-01', 'PlanName': 'YODER FINANCIAL GROUP INC. 401(K) PLAN', 'SponsorName': 'YODER FINANCIAL GROUP INC.', 'SponsorUsAddress1': '8100 E. 22ND STREET NORTH', 'SponsorUsCity': 'WICHITA', 'SponsorUsState': 'KS', 'SponsorEin': '421615039', 'SponsorPhoneNumber': '3166186175', 'BusinessCode': '523900', 'TotalAssets': '1824827', 'TotalExpenses': '305094', 'SignedAdminName': 'JEFFREY YODER'}",
    "row28": "{'AcknowledgementId': '20230130140326NAL0015525009001', 'PlanYearBeginDate': '2022-01-01', 'PlanName': 'CUSTOM INSURANCE SERVICES, INC. RETIREMENT PLAN', 'SponsorName': 'CUSTOM INSURANCE SERVICES, INC.', 'SponsorUsAddress1': '200 MISSISSIPPI AVE', 'SponsorUsCity': 'CRYSTAL CITY', 'SponsorUsState': 'MO', 'SponsorEin': '431128229', 'SponsorPhoneNumber': '6369311200', 'BusinessCode': '524210', 'TotalAssets': '2101605', 'TotalExpenses': '14590', 'SignedAdminName': 'CONNIE GEIST'}",
    "row29": "{'AcknowledgementId': '20230130140328NAL0010790291001', 'PlanYearBeginDate': '2022-01-01', 'PlanName': 'BAYSIDE CONCRETE 401(K) PLAN', 'SponsorName': 'BAYSIDE CONCRETE, INC.', 'SponsorUsAddress1': '409 DAVIS STREET', 'SponsorUsCity': 'VIRGINIA BEACH', 'SponsorUsState': 'VA', 'SponsorEin': '541920233', 'SponsorPhoneNumber': '7574904960', 'BusinessCode': '238290', 'TotalAssets': '870611', 'TotalExpenses': '0', 'SignedAdminName': ''}",
    "row30": "{'AcknowledgementId': '20230130140347NAL0016726849001', 'PlanYearBeginDate': '2022-01-01', 'PlanName': 'DIAMOND CONSTRUCTION COMPANY 401(K) PLAN', 'SponsorName': 'DIAMOND CONSTRUCTION COMPANY OF SHATTUCK,', 'SponsorUsAddress1': 'PO BOX 1025', 'SponsorUsCity': 'WOODWARD', 'SponsorUsState': 'OK', 'SponsorEin': '730706457', 'SponsorPhoneNumber': '5802563385', 'BusinessCode': '237990', 'TotalAssets': '11177752', 'TotalExpenses': '786854', 'SignedAdminName': 'KERRY MARTIN'}",
    "row31": "{'AcknowledgementId': '20230130140457NAL0020247056001', 'PlanYearBeginDate': '2022-01-01', 'PlanName': 'HEARTMAN AGENCY, INC. 401(K) PLAN AND TRUST', 'SponsorName': 'HEARTMAN AGENCY, INC.', 'SponsorUsAddress1': '1635 GREENVIEW DRIVE SOUTHWEST', 'SponsorUsCity': 'ROCHESTER', 'SponsorUsState': 'MN', 'SponsorEin': '410944000', 'SponsorPhoneNumber': '5072883834', 'BusinessCode': '524210', 'TotalAssets': '8179520', 'TotalExpenses': '394078', 'SignedAdminName': 'LISABETH MANNING'}",
    "row32": "{'AcknowledgementId': '20230130140735NAL0032906866001', 'PlanYearBeginDate': '2022-01-01', 'PlanName': 'WESTERN AGENCY 401(K) PLAN', 'SponsorName': 'WESTERN AGENCY, INC.', 'SponsorUsAddress1': '408 - 20TH AVENUE SW', 'SponsorUsCity': 'MINOT', 'SponsorUsState': 'ND', 'SponsorEin': '450338233', 'SponsorPhoneNumber': '7018525383', 'BusinessCode': '524210', 'TotalAssets': '0', 'TotalExpenses': '2466', 'SignedAdminName': 'LACEY KRUEGER'}",
    "row33": "{'AcknowledgementId': '20230130140747NAL0012092019001', 'PlanYearBeginDate': '2022-01-01', 'PlanName': 'OFFICE IT SOLUTIONS 401K RETIREMENT PLAN', 'SponsorName': 'OFFICE IT SOLUTIONS, INC.', 'SponsorUsAddress1': '4401-A CONNECTICUT AVE NW SUITE 303', 'SponsorUsCity': 'WASHINGTON', 'SponsorUsState': 'DC', 'SponsorEin': '521829602', 'SponsorPhoneNumber': '2022232800', 'BusinessCode': '541513', 'TotalAssets': '3450941', 'TotalExpenses': '16851', 'SignedAdminName': 'KAREN WYSE'}",
    "row34": "{'AcknowledgementId': '20230130140841NAL0012093475001', 'PlanYearBeginDate': '2022-01-01', 'PlanName': 'VARNUM/ARMSTRONG/DEETER, L.L.C. 401(K) RETIREMENT PLAN', 'SponsorName': 'VARNUM ARMSTRONG DEETER, L.L.C.', 'SponsorUsAddress1': '11837 COLLEGE BOULEVARD', 'SponsorUsCity': 'OVERLAND PARK', 'SponsorUsState': 'KS', 'SponsorEin': '481188254', 'SponsorPhoneNumber': '9134918900', 'BusinessCode': '531210', 'TotalAssets': '626646', 'TotalExpenses': '0', 'SignedAdminName': 'KAREN MILLER'}",
    "row35": "{'AcknowledgementId': '20230130140850NAL0012093667001', 'PlanYearBeginDate': '2022-01-01', 'PlanName': 'CARAFLOW 401(K) PLAN', 'SponsorName': 'CARAFLOW LLC', 'SponsorUsAddress1': '5826 W BLUEMOUND RD', 'SponsorUsCity': 'MILWAUKEE', 'SponsorUsState': 'WI', 'SponsorEin': '262492723', 'SponsorPhoneNumber': '4149069170', 'BusinessCode': '519100', 'TotalAssets': '943895', 'TotalExpenses': '309541', 'SignedAdminName': ''}",
    "row36": "{'AcknowledgementId': '20230130140916NAL0016733537001', 'PlanYearBeginDate': '2022-01-01', 'PlanName': 'SOLD BY FRIDAY 401(K) PLAN', 'SponsorName': 'JOEL FRIDAY HOMES, LLC', 'SponsorUsAddress1': '1740 - 116TH AVENUE N.W.', 'SponsorUsCity': 'COON RAPIDS', 'SponsorUsState': 'MN', 'SponsorEin': '453480893', 'SponsorPhoneNumber': '7633552953', 'BusinessCode': '531210', 'TotalAssets': '633112', 'TotalExpenses': '519243', 'SignedAdminName': 'PATRICIA J FRIDAY'}",
    "row37": "{'AcknowledgementId': '20230130140919NAL0012094291001', 'PlanYearBeginDate': '2022-01-01', 'PlanName': 'ALEXANDER FINANCIAL SERVICES PROFIT SHARING PLAN', 'SponsorName': 'JEFFREY L. ALEXANDER DBA ALEXANDER FINANCIAL SERVICES', 'SponsorUsAddress1': '117 PEORIA STREET', 'SponsorUsCity': 'WASHINGTON', 'SponsorUsState': 'IL', 'SponsorEin': '371152297', 'SponsorPhoneNumber': '3094448031', 'BusinessCode': '523900', 'TotalAssets': '3507688', 'TotalExpenses': '30653', 'SignedAdminName': 'JEFFREY ALEXANDER'}",
    "row38": "{'AcknowledgementId': '20230130141217NAL0020255424001', 'PlanYearBeginDate': '2022-01-01', 'PlanName': 'BLAKE CEMER DRYWALL, INC. 401(K) PLAN', 'SponsorName': 'BLAKE CEMER DRYWALL, INC.', 'SponsorUsAddress1': '20513 NICHOLAS CIRCLE, SUITE 1', 'SponsorUsCity': 'OMAHA', 'SponsorUsState': 'NE', 'SponsorEin': '202480168', 'SponsorPhoneNumber': '4029911055', 'BusinessCode': '238300', 'TotalAssets': '1759740', 'TotalExpenses': '52664', 'SignedAdminName': 'BLAKE CEMER'}",
    "row39": "{'AcknowledgementId': '20230130141226NAL0012097587001', 'PlanYearBeginDate': '2022-01-01', 'PlanName': 'RUSSO CORPORATION 401(K) PROFIT SHARING PLAN', 'SponsorName': 'RUSSO CORPORATION 401(K) PROFIT SHARING PLAN', 'SponsorUsAddress1': '1421 MIMS AVE SW', 'SponsorUsCity': 'BIRMINGHAM', 'SponsorUsState': 'AL', 'SponsorEin': '630575531', 'SponsorPhoneNumber': '2059234434', 'BusinessCode': '237990', 'TotalAssets': '16413215', 'TotalExpenses': '1645749', 'SignedAdminName': 'DAWN GREER'}",
    "row40": "{'AcknowledgementId': '20230130141345NAL0018781424001', 'PlanYearBeginDate': '2022-01-01', 'PlanName': 'NORTHERN DEWATERING, INC. 401(K) PLAN', 'SponsorName': 'NORTHERN DEWATERING, INC.', 'SponsorUsAddress1': '14405 NORTHDALE BOULEVARD', 'SponsorUsCity': 'ROGERS', 'SponsorUsState': 'MN', 'SponsorEin': '411433544', 'SponsorPhoneNumber': '7634282616', 'BusinessCode': '238900', 'TotalAssets': '5920382', 'TotalExpenses': '1165137', 'SignedAdminName': 'LAURA HAYER'}",
    "row41": "{'AcknowledgementId': '20230130141825NAL0018783552001', 'PlanYearBeginDate': '2022-01-01', 'PlanName': 'PENNWEST INDUSTRIAL TRUCKS, LLC RETIREMENT SAVINGS PLAN', 'SponsorName': 'PENNWEST INDUSTRIAL TRUCKS, LLC', 'SponsorUsAddress1': '168 WESTEC DRIVE', 'SponsorUsCity': 'MT. PLEASANT', 'SponsorUsState': 'PA', 'SponsorEin': '203513709', 'SponsorPhoneNumber': '7246962350', 'BusinessCode': '484200', 'TotalAssets': '5013941', 'TotalExpenses': '4258314', 'SignedAdminName': ''}",
    "row42": "{'AcknowledgementId': '20230130141854NAL0015535521001', 'PlanYearBeginDate': '2022-01-01', 'PlanName': 'LAKESHORE DERMATOLOGY LASER & MEDICAL SPA RETIREMENT PLAN', 'SponsorName': 'LAKESHORE DERMATOLOGY LASER & MEDICAL SPA,PLC', 'SponsorUsAddress1': '6225 PRAIRIE STREET', 'SponsorUsCity': 'NORTON SHORES', 'SponsorUsState': 'MI', 'SponsorEin': '721545068', 'SponsorPhoneNumber': '2317989500', 'BusinessCode': '621399', 'TotalAssets': '5286220', 'TotalExpenses': '118664', 'SignedAdminName': ''}",
    "row43": "{'AcknowledgementId': '20230131100557NAL0036863346001', 'PlanYearBeginDate': '2022-01-01', 'PlanName': 'LIVINGSTON ENGINEERING 401(K) PLAN', 'SponsorName': 'LIVINGSTON ENGINEERING, LC', 'SponsorUsAddress1': '3300 S OLD US 23', 'SponsorUsCity': 'BRIGHTON', 'SponsorUsState': 'MI', 'SponsorEin': '320086547', 'SponsorPhoneNumber': '8102257100', 'BusinessCode': '541330', 'TotalAssets': '1343197', 'TotalExpenses': '24681', 'SignedAdminName': 'KIMBERLY KOHLMAN'}",
    "row44": "{'AcknowledgementId': '20230131100622NAL0036864514001', 'PlanYearBeginDate': '2022-01-01', 'PlanName': 'ARSULOWICZ EYE CARE 401(K) PLAN', 'SponsorName': 'ARSULOWICZ EYE CARE', 'SponsorUsAddress1': '3935 LAKE MICHIGAN DRIVE, NW', 'SponsorUsCity': 'GRAND RAPIDS', 'SponsorUsState': 'MI', 'SponsorEin': '473319913', 'SponsorPhoneNumber': '6164538223', 'BusinessCode': '621320', 'TotalAssets': '832569', 'TotalExpenses': '5638', 'SignedAdminName': 'KEVIN SIMON'}",
    "row45": "{'AcknowledgementId': '20230131100645NAL0017930753001', 'PlanYearBeginDate': '2022-01-01', 'PlanName': 'FORM TOOL TECHNOLOGY, INC. 401(K) PROFIT SHARING PLAN', 'SponsorName': 'FORM TOOL TECHNOLOGY, INC.', 'SponsorUsAddress1': '5174 COMMERCE DRIVE', 'SponsorUsCity': 'YORK', 'SponsorUsState': 'PA', 'SponsorEin': '232557405', 'SponsorPhoneNumber': '7177923626', 'BusinessCode': '332900', 'TotalAssets': '1350804', 'TotalExpenses': '23331', 'SignedAdminName': ''}",
    "row46": "{'AcknowledgementId': '20230131100654NAL0013011187001', 'PlanYearBeginDate': '2022-01-01', 'PlanName': 'EAU GALLE CHEESE FACTORY, LLC PROFIT SHARING PLAN', 'SponsorName': 'EAU GALLE CHEESE FACTORY, LLC', 'SponsorUsAddress1': 'N6765 STATE HIGHWAY 25', 'SponsorUsCity': 'DURAND', 'SponsorUsState': 'WI', 'SponsorEin': '862627655', 'SponsorPhoneNumber': '7152834211', 'BusinessCode': '311500', 'TotalAssets': '6202118', 'TotalExpenses': '3568188', 'SignedAdminName': 'TODD BECHEL'}",
    "row47": "{'AcknowledgementId': '20230131100817NAL0021793776001', 'PlanYearBeginDate': '2022-01-01', 'PlanName': 'ROBSON TECHNOLOGIES, INC. 401(K) PLAN', 'SponsorName': 'ROBSON TECHNOLOGIES, INC', 'SponsorUsAddress1': '135 EAST MAIN AVENUE SUITE 130', 'SponsorUsCity': 'MORGAN HILL', 'SponsorUsState': 'CA', 'SponsorEin': '943108126', 'SponsorPhoneNumber': '4087798008', 'BusinessCode': '334410', 'TotalAssets': '2641815', 'TotalExpenses': '104587', 'SignedAdminName': 'PAUL CHIN'}",
    "row48": "{'AcknowledgementId': '20230131100913NAL0017931585001', 'PlanYearBeginDate': '2022-01-01', 'PlanName': 'RAIL SCALE 401(K)', 'SponsorName': 'RAIL SCALE, INC.', 'SponsorUsAddress1': '111 NATURE WALK PKWY UNIT 105', 'SponsorUsCity': 'SAINT AUGUSTINE', 'SponsorUsState': 'FL', 'SponsorEin': '593579048', 'SponsorPhoneNumber': '9043025154', 'BusinessCode': '541330', 'TotalAssets': '2072716', 'TotalExpenses': '179277', 'SignedAdminName': 'JAMES MAYER'}",
    "row49": "{'AcknowledgementId': '20230131100917NAL0036866930001', 'PlanYearBeginDate': '2022-01-01', 'PlanName': 'S & W TELEVISION AND APPLIANCE 401(K) PLAN', 'SponsorName': 'S & W TELEVISION CO., INC.', 'SponsorUsAddress1': '2735 PAWTUCKET AVENUE', 'SponsorUsCity': 'EAST PROVIDENCE', 'SponsorUsState': 'RI', 'SponsorEin': '050399485', 'SponsorPhoneNumber': '4014381411', 'BusinessCode': '443141', 'TotalAssets': '1911658', 'TotalExpenses': '11627', 'SignedAdminName': ''}",
    "row50": "{'AcknowledgementId': '20230131101023NAL0011520675001', 'PlanYearBeginDate': '2022-01-01', 'PlanName': 'MCKIBBON DEVELOPMENT LLC CASH BALANCE PLAN', 'SponsorName': 'MCKIBBON DEVELOPMENT LLC', 'SponsorUsAddress1': 'P.O. BOX 896', 'SponsorUsCity': 'GAINESVILLE', 'SponsorUsState': 'GA', 'SponsorEin': '810812874', 'SponsorPhoneNumber': '7708651256', 'BusinessCode': '531390', 'TotalAssets': '939008', 'TotalExpenses': '802227', 'SignedAdminName': 'STEVE MCKIBBON'}",
    "row51": "{'AcknowledgementId': '20230131101135NAL0013012259001', 'PlanYearBeginDate': '2022-01-01', 'PlanName': 'CASON, HUFF, & SCHLUETER, INC. PROFIT SHARING PLAN', 'SponsorName': 'CASON, HUFF, & SCHLUETER, INC.', 'SponsorUsAddress1': '331 S 36TH ST STE 5', 'SponsorUsCity': 'QUINCY', 'SponsorUsState': 'IL', 'SponsorEin': '371169231', 'SponsorPhoneNumber': '2172220263', 'BusinessCode': '524210', 'TotalAssets': '2151675', 'TotalExpenses': '29618', 'SignedAdminName': 'MARY KINSCHERF'}",
    "row52": "{'AcknowledgementId': '20230131101218NAL0035330834001', 'PlanYearBeginDate': '2022-01-01', 'PlanName': 'CDC CORPORATION 401(K) PROFIT SHARING PLAN', 'SponsorName': 'CDC CORPORATION', 'SponsorUsAddress1': '1176 GRANT STREET #3050', 'SponsorUsCity': 'INDIANA', 'SponsorUsState': 'PA', 'SponsorEin': '251517719', 'SponsorPhoneNumber': '7244657258', 'BusinessCode': '531310', 'TotalAssets': '842709', 'TotalExpenses': '360795', 'SignedAdminName': 'WILLIAM BECK'}",
    "row53": "{'AcknowledgementId': '20230131101221NAL0035330930001', 'PlanYearBeginDate': '2022-11-01', 'PlanName': 'L.L. KLINK & SONS, INC. PROFIT SHARING PLAN', 'SponsorName': 'L. L. KLINK & SONS INC', 'SponsorUsAddress1': '14800 FOLTZ PARKWAY', 'SponsorUsCity': 'STRONGSVILLE', 'SponsorUsState': 'OH', 'SponsorEin': '341114870', 'SponsorPhoneNumber': '4402368332', 'BusinessCode': '236200', 'TotalAssets': '18653', 'TotalExpenses': '18739', 'SignedAdminName': 'ANTHONY WARREN'}",
    "row54": "{'AcknowledgementId': '20230131101346NAL0035334162001', 'PlanYearBeginDate': '2022-01-01', 'PlanName': 'TURNER & SON FUNERAL HOME OF HILLSBORO, OH, INC., INTEGRATED PROFIT SHARING PLAN', 'SponsorName': 'TURNER & SON FUNERAL HOME OF HILLSBORO, OH, INC.', 'SponsorUsAddress1': '602 NORTH HIGH STREET', 'SponsorUsCity': 'HILLSBORO', 'SponsorUsState': 'OH', 'SponsorEin': '311140631', 'SponsorPhoneNumber': '9373932124', 'BusinessCode': '812210', 'TotalAssets': '1388794', 'TotalExpenses': '33073', 'SignedAdminName': 'CRAIG TURNER'}",
    "row55": "{'AcknowledgementId': '20230131101419NAL0035335234001', 'PlanYearBeginDate': '2022-01-01', 'PlanName': 'BCP 401(K) PLAN', 'SponsorName': 'BANCO DE CREDITO DEL PERU', 'SponsorUsAddress1': '121 ALHAMBRA PLZ STE 1200', 'SponsorUsCity': 'CORAL GABLES', 'SponsorUsState': 'FL', 'SponsorEin': '132994246', 'SponsorPhoneNumber': '7869991225', 'BusinessCode': '522110', 'TotalAssets': '3720629', 'TotalExpenses': '250796', 'SignedAdminName': 'NANCY BAYER'}",
    "row56": "{'AcknowledgementId': '20230131101431NAL0035335730001', 'PlanYearBeginDate': '2022-01-01', 'PlanName': 'ART CRAFT DISPLAY INC 401K RETIREMENT PLAN', 'SponsorName': 'ART CRAFT DISPLAY INC', 'SponsorUsAddress1': '500 BUSINESS CENTRE DRIVE', 'SponsorUsCity': 'LANSING', 'SponsorUsState': 'MI', 'SponsorEin': '381882755', 'SponsorPhoneNumber': '5174852221', 'BusinessCode': '561900', 'TotalAssets': '7468605', 'TotalExpenses': '681606', 'SignedAdminName': 'ROGER BENGEL'}",
    "row57": "{'AcknowledgementId': '20230131101628NAL0016565953001', 'PlanYearBeginDate': '2022-01-01', 'PlanName': 'BOYER BUILDING CORPORATION 401(K) PROFIT SHARING PLAN', 'SponsorName': 'BOYER BUILDING CORPORATION', 'SponsorUsAddress1': '3435 COUNTY RD. 101', 'SponsorUsCity': 'MINNETONKA', 'SponsorUsState': 'MN', 'SponsorEin': '411450173', 'SponsorPhoneNumber': '9524752097', 'BusinessCode': '236110', 'TotalAssets': '4117160', 'TotalExpenses': '248598', 'SignedAdminName': 'JOHN BOYER'}",
    "row58": "{'AcknowledgementId': '20230131101703NAL0020150560001', 'PlanYearBeginDate': '2022-01-01', 'PlanName': 'TENDER LOVING CARE OF DULUTH, INC. 401(K) RETIREMENT SAVINGS PLAN', 'SponsorName': 'TENDER LOVING CARE OF DULUTH, INC.', 'SponsorUsAddress1': '394 LAKE AVE STE 610', 'SponsorUsCity': 'DULUTH', 'SponsorUsState': 'MN', 'SponsorEin': '411984218', 'SponsorPhoneNumber': '2187243640', 'BusinessCode': '621498', 'TotalAssets': '3046802', 'TotalExpenses': '25194', 'SignedAdminName': 'GREG JOHNSON'}",
    "row59": "{'AcknowledgementId': '20230131101706NAL0011524451001', 'PlanYearBeginDate': '2022-01-01', 'PlanName': 'KATHLEEN EDMUNDS, MD 401K PROFIT SHARING PLAN', 'SponsorName': 'KATHLEEN EDMUNDS, MD', 'SponsorUsAddress1': '6311 KINGSTON PIKE', 'SponsorUsCity': 'KNOXVILLE', 'SponsorUsState': 'TN', 'SponsorEin': '113756449', 'SponsorPhoneNumber': '8656841766', 'BusinessCode': '621111', 'TotalAssets': '2006647', 'TotalExpenses': '1778038', 'SignedAdminName': ''}",
    "row60": "{'AcknowledgementId': '20230131101823NAL0011526371001', 'PlanYearBeginDate': '2022-01-01', 'PlanName': 'NIEMCZURA WEALTH MANAGEMENT GROUP LLC 401(K) PLAN', 'SponsorName': 'NIEMCZURA WEALTH MANAGEMENT GROUP LLC', 'SponsorUsAddress1': '6235 CARROLLTON AVE', 'SponsorUsCity': 'INDIANAPOLIS', 'SponsorUsState': 'IN', 'SponsorEin': '812220186', 'SponsorPhoneNumber': '3177352010', 'BusinessCode': '523120', 'TotalAssets': '364640', 'TotalExpenses': '', 'SignedAdminName': 'WALTER NIEMCZURA'}",
    "row61": "{'AcknowledgementId': '20230131102045NAL0036877362001', 'PlanYearBeginDate': '2022-01-01', 'PlanName': 'SCHEER PARTNERS, INC. 401(K) PROFIT SHARING PLAN', 'SponsorName': 'SCHEER PARTNERS, INC.', 'SponsorUsAddress1': '15245 SHADY GROVE ROAD', 'SponsorUsCity': 'ROCKVILLE', 'SponsorUsState': 'MD', 'SponsorEin': '521717212', 'SponsorPhoneNumber': '3013374700', 'BusinessCode': '531120', 'TotalAssets': '2300083', 'TotalExpenses': '127067', 'SignedAdminName': 'ROBERT SCHEER'}",
    "row62": "{'AcknowledgementId': '20230131102045NAL0011528499001', 'PlanYearBeginDate': '2022-01-01', 'PlanName': 'CRACK FILLING SERVICE CORPORATION PROFIT SHARING PLAN', 'SponsorName': 'CRACK FILLING SERVICE CORPORATION', 'SponsorUsAddress1': '4033 BARLOW ROAD', 'SponsorUsCity': 'CROSS PLAINS', 'SponsorUsState': 'WI', 'SponsorEin': '391388700', 'SponsorPhoneNumber': '6087983714', 'BusinessCode': '237310', 'TotalAssets': '8074810', 'TotalExpenses': '638081', 'SignedAdminName': 'JAMES HERRLING'}",
    "row63": "{'AcknowledgementId': '20230131102245NAL0035359746001', 'PlanYearBeginDate': '2022-01-01', 'PlanName': 'MARSHALL KLOENE ORTHOPEDICS, INC. 401(K) PROFIT SHARING PLAN AND TRUST', 'SponsorName': 'MARSHALL KLOENE ORTHOPEDICS, INC.', 'SponsorUsAddress1': '419 TOMAHAWK DR.', 'SponsorUsCity': 'MAUMEE', 'SponsorUsState': 'OH', 'SponsorEin': '341346228', 'SponsorPhoneNumber': '4198930748', 'BusinessCode': '339110', 'TotalAssets': '1235012', 'TotalExpenses': '10593', 'SignedAdminName': 'MICHAEL STEVENS'}",
    "row64": "{'AcknowledgementId': '20230131102412NAL0036887010001', 'PlanYearBeginDate': '2022-01-01', 'PlanName': 'MCCANDLISH & LILLARD RETIREMENT PLAN', 'SponsorName': 'MCCANDLISH & LILLARD', 'SponsorUsAddress1': '11350 RANDOM HILLS RD', 'SponsorUsCity': 'FAIRFAX', 'SponsorUsState': 'VA', 'SponsorEin': '541763476', 'SponsorPhoneNumber': '7032732288', 'BusinessCode': '541110', 'TotalAssets': '20528707', 'TotalExpenses': '443259', 'SignedAdminName': 'WENDY MUSCO'}",
    "row65": "{'AcknowledgementId': '20230131102427NAL0035364626001', 'PlanYearBeginDate': '2022-01-01', 'PlanName': 'IRONLINX TRANSPORTATION LLC 401(K) PLAN', 'SponsorName': 'IRONLINX TRANSPORTATION LLC', 'SponsorUsAddress1': '622 CHROME ROAD', 'SponsorUsCity': 'OXFORD', 'SponsorUsState': 'PA', 'SponsorEin': '455062599', 'SponsorPhoneNumber': '6107654141', 'BusinessCode': '484110', 'TotalAssets': '51816', 'TotalExpenses': '4713', 'SignedAdminName': ''}",
    "row66": "{'AcknowledgementId': '20230131102502NAL0013019475001', 'PlanYearBeginDate': '2022-01-01', 'PlanName': 'OTTLITE TECHNOLOGIES, INC. PROFIT SHARING PLAN & TRUST', 'SponsorName': 'OTTLITE TECHNOLOGIES, INC.', 'SponsorUsAddress1': '1715 N WESTSHORE BLVD', 'SponsorUsCity': 'TAMPA', 'SponsorUsState': 'FL', 'SponsorEin': '510409049', 'SponsorPhoneNumber': '8136210058', 'BusinessCode': '442299', 'TotalAssets': '1275829', 'TotalExpenses': '134843', 'SignedAdminName': 'JANE YANCEY'}",
    "row67": "{'AcknowledgementId': '20230131102520NAL0036889698001', 'PlanYearBeginDate': '2022-01-01', 'PlanName': 'AEROPARTNERS AMERICA INC. 401(K) PLAN', 'SponsorName': 'AEROPARTNERS AMERICA INC.', 'SponsorUsAddress1': '3510 TORRANCE BLVD STE 213', 'SponsorUsCity': 'TORRANCE', 'SponsorUsState': 'CA', 'SponsorEin': '800184142', 'SponsorPhoneNumber': '3109299453', 'BusinessCode': '336410', 'TotalAssets': '289436', 'TotalExpenses': '0', 'SignedAdminName': 'NAOMI KATO'}",
    "row68": "{'AcknowledgementId': '20230131102557NAL0035367890001', 'PlanYearBeginDate': '2022-01-01', 'PlanName': 'EAST-CENTRAL IOWA RURAL ELECTRIC COOPERATIVE SALARY DEFERRAL 401(K) PLAN', 'SponsorName': 'EAST-CENTRAL IOWA RURAL ELECTRIC COOPERATIVE', 'SponsorUsAddress1': '2400 BING MILLER LANE', 'SponsorUsCity': 'URBANA', 'SponsorUsState': 'IA', 'SponsorEin': '421445092', 'SponsorPhoneNumber': '3194433570', 'BusinessCode': '221100', 'TotalAssets': '6899803', 'TotalExpenses': '388194', 'SignedAdminName': 'EAST-CENTRAL IOWAREC'}",
    "row69": "{'AcknowledgementId': '20230131102622NAL0035368082001', 'PlanYearBeginDate': '2022-01-01', 'PlanName': 'NORTHEAST OHIO ENDOCRINOLOGY 401(K) PROFIT SHARING PLAN', 'SponsorName': 'NORTHEAST OHIO ENDOCRINOLOGY', 'SponsorUsAddress1': '4634 HILLS AND DALES ROAD NW', 'SponsorUsCity': 'CANTON', 'SponsorUsState': 'OH', 'SponsorEin': '341890178', 'SponsorPhoneNumber': '3304770255', 'BusinessCode': '621111', 'TotalAssets': '5410117', 'TotalExpenses': '48584', 'SignedAdminName': 'KEVIN WIETECHA'}",
    "row70": "{'AcknowledgementId': '20230131102640NAL0013020675001', 'PlanYearBeginDate': '2022-01-01', 'PlanName': 'SFG WEALTH PLANNING SERVICES, INC. 401(K) PLAN', 'SponsorName': 'SFG WEALTH PLANNING SERVICES, INC.', 'SponsorUsAddress1': '3655 US ROUTE 202', 'SponsorUsCity': 'DOYLESTOWN', 'SponsorUsState': 'PA', 'SponsorEin': '232749222', 'SponsorPhoneNumber': '2153455601', 'BusinessCode': '523900', 'TotalAssets': '357902', 'TotalExpenses': '312109', 'SignedAdminName': ''}",
    "row71": "{'AcknowledgementId': '20230131102750NAL0013021635001', 'PlanYearBeginDate': '2022-01-01', 'PlanName': 'SOIL SOLUTIONS, LLC 401(K) PROFIT SHARING PLAN', 'SponsorName': 'SOIL SOLUTIONS, LLC', 'SponsorUsAddress1': '2120 PEARL ST', 'SponsorUsCity': 'ONAWA', 'SponsorUsState': 'IA', 'SponsorEin': '412032203', 'SponsorPhoneNumber': '7124330000', 'BusinessCode': '238900', 'TotalAssets': '1552277', 'TotalExpenses': '737', 'SignedAdminName': 'ANDREA MEYER'}",
    "row72": "{'AcknowledgementId': '20230131102836NAL0016576417001', 'PlanYearBeginDate': '2022-01-01', 'PlanName': 'COASTAL INSURANCE & REALTY, INC. 401(K) PLAN', 'SponsorName': 'COASTAL INSURANCE & REALTY, INC.', 'SponsorUsAddress1': '4625 MAIN ST', 'SponsorUsCity': 'SHALLOTTE', 'SponsorUsState': 'NC', 'SponsorEin': '560749103', 'SponsorPhoneNumber': '9107544326', 'BusinessCode': '524210', 'TotalAssets': '2862410', 'TotalExpenses': '111743', 'SignedAdminName': 'DONALD EVANS'}",
    "row73": "{'AcknowledgementId': '20230131102931NAL0035371474001', 'PlanYearBeginDate': '2022-01-01', 'PlanName': 'POSITIVE CONCEPTS, INC. 401(K) PLAN', 'SponsorName': 'POSITIVE CONCEPTS, INC.', 'SponsorUsAddress1': '2021 NORTH GLASSEL STREET', 'SponsorUsCity': 'ORANGE', 'SponsorUsState': 'CA', 'SponsorEin': '330374374', 'SponsorPhoneNumber': '7146855856', 'BusinessCode': '453210', 'TotalAssets': '412762', 'TotalExpenses': '4717', 'SignedAdminName': 'GINA CRIVELLO'}",
    "row74": "{'AcknowledgementId': '20230131102948NAL0011533331001', 'PlanYearBeginDate': '2022-01-01', 'PlanName': 'MERLE HOLDEN ENTERPRISES,INC. 401(K) AND PROFIT SHARING PLAN', 'SponsorName': 'MERLE HOLDEN ENTERPRISES, INC.', 'SponsorUsAddress1': '5715 BROADVIEW ROAD', 'SponsorUsCity': 'PARMA', 'SponsorUsState': 'OH', 'SponsorEin': '341646991', 'SponsorPhoneNumber': '2166616889', 'BusinessCode': '812112', 'TotalAssets': '1296649', 'TotalExpenses': '28604', 'SignedAdminName': 'SAMANTHA PETROW'}",
    "row75": "{'AcknowledgementId': '20230131102954NAL0011533379001', 'PlanYearBeginDate': '2022-01-01', 'PlanName': 'HELPING EXPOSE BUNK, INC. SAVINGS PLAN', 'SponsorName': 'HELPING EXPOSE BUNK, INC.', 'SponsorUsAddress1': '117 LA GRANGE AVE', 'SponsorUsCity': 'LA PLATA', 'SponsorUsState': 'MD', 'SponsorEin': '880501828', 'SponsorPhoneNumber': '2025445977', 'BusinessCode': '541990', 'TotalAssets': '237489', 'TotalExpenses': '0', 'SignedAdminName': 'BETH GARNER'}",
    "row76": "{'AcknowledgementId': '20230131103152NAL0017945153001', 'PlanYearBeginDate': '2022-01-01', 'PlanName': 'DUNCAN MCINTOSH COMPANY, INC. RETIREMENT SAVINGS PLAN', 'SponsorName': 'DUNCAN MCINTOSH COMPANY, INC.', 'SponsorUsAddress1': 'PO BOX 1337', 'SponsorUsCity': 'NEWPORT BEACH', 'SponsorUsState': 'CA', 'SponsorEin': '953674179', 'SponsorPhoneNumber': '9496606150', 'BusinessCode': '511120', 'TotalAssets': '1763529', 'TotalExpenses': '205831', 'SignedAdminName': 'KATHLEEN FORD'}",
    "row77": "{'AcknowledgementId': '20230131103301NAL0017946737001', 'PlanYearBeginDate': '2022-01-01', 'PlanName': \"RAY'S TOWING, INC. 401(K) PROFIT SHARING PLAN\", 'SponsorName': 'RAYS TOWING, INC.', 'SponsorUsAddress1': '833 W. WATERFORD AVE', 'SponsorUsCity': 'MILWAUKEE', 'SponsorUsState': 'WI', 'SponsorEin': '621778316', 'SponsorPhoneNumber': '4144811722', 'BusinessCode': '488410', 'TotalAssets': '237930', 'TotalExpenses': '57', 'SignedAdminName': ''}",
    "row78": "{'AcknowledgementId': '20230131103303NAL0020166112001', 'PlanYearBeginDate': '2022-01-01', 'PlanName': 'NATURAL WINE COMPANY, LLC 401(K) PROFIT SHARING PLAN', 'SponsorName': 'NATURAL WINE COMPANY, LLC', 'SponsorUsAddress1': '445 BRYANT STREET, UNIT 10S', 'SponsorUsCity': 'DENVER', 'SponsorUsState': 'CO', 'SponsorEin': '271292332', 'SponsorPhoneNumber': '3035886122', 'BusinessCode': '424800', 'TotalAssets': '86810', 'TotalExpenses': '4039', 'SignedAdminName': ''}",
    "row79": "{'AcknowledgementId': '20230131103404NAL0016578321001', 'PlanYearBeginDate': '2022-01-01', 'PlanName': 'ALTAMONT SPRAY WELDING 401(K)', 'SponsorName': 'ALTAMONT SPRAY WELDING', 'SponsorUsAddress1': '133 LEWIS RD.', 'SponsorUsCity': 'ALTAMONT', 'SponsorUsState': 'NY', 'SponsorEin': '141689559', 'SponsorPhoneNumber': '5188618870', 'BusinessCode': '332700', 'TotalAssets': '948915', 'TotalExpenses': '146293', 'SignedAdminName': 'JESSICA SCHROWANG'}",
    "row80": "{'AcknowledgementId': '20230131103416NAL0016578417001', 'PlanYearBeginDate': '2022-01-01', 'PlanName': 'SEELYE CRAFTSMEN CO. 401(K) SALARY SAVINGS AND PROFIT SHARING PLAN', 'SponsorName': 'SEELYE CRAFTSMEN CO.', 'SponsorUsAddress1': '2220 FERNBROOK LN N', 'SponsorUsCity': 'PLYMOUTH', 'SponsorUsState': 'MN', 'SponsorEin': '410978704', 'SponsorPhoneNumber': '7635770700', 'BusinessCode': '332900', 'TotalAssets': '5162780', 'TotalExpenses': '43179', 'SignedAdminName': 'JOHN DAHL'}",
    "row81": "{'AcknowledgementId': '20230131103419NAL0020166800001', 'PlanYearBeginDate': '2022-01-01', 'PlanName': 'REVELWOOD INCORPORATED 401(K) PROFIT SHARING PLAN AND TRUST', 'SponsorName': 'REVELWOOD INCORPORATED', 'SponsorUsAddress1': '25B VREELAND ROAD SUITE 111', 'SponsorUsCity': 'FLORHAM PARK', 'SponsorUsState': 'NJ', 'SponsorEin': '133808858', 'SponsorPhoneNumber': '2019843030', 'BusinessCode': '541512', 'TotalAssets': '4417711', 'TotalExpenses': '207889', 'SignedAdminName': 'ROBERT GORDY'}",
    "row82": "{'AcknowledgementId': '20230131103637NAL0016579409001', 'PlanYearBeginDate': '2022-01-01', 'PlanName': 'ADVANCED AESTHETIC SURGERY, PC 401(K) PLAN', 'SponsorName': 'ADVANCED AESTHETIC SURGERY, PC', 'SponsorUsAddress1': '711 CANTON ROAD', 'SponsorUsCity': 'MARIETTA', 'SponsorUsState': 'GA', 'SponsorEin': '203695128', 'SponsorPhoneNumber': '7707715151', 'BusinessCode': '621111', 'TotalAssets': '3308421', 'TotalExpenses': '29574', 'SignedAdminName': ''}",
    "row83": "{'AcknowledgementId': '20230131090153NAL0021748800001', 'PlanYearBeginDate': '2022-01-01', 'PlanName': 'ATF TIRES & SERVICE CENTER INC. 401(K) PLAN', 'SponsorName': 'ATF TIRES & SERVICE CENTER', 'SponsorUsAddress1': '207 DODGE ST', 'SponsorUsCity': 'KAUKAUNA', 'SponsorUsState': 'WI', 'SponsorEin': '391864654', 'SponsorPhoneNumber': '9207660001', 'BusinessCode': '811190', 'TotalAssets': '186375', 'TotalExpenses': '12007', 'SignedAdminName': 'GIE LEE'}",
    "row84": "{'AcknowledgementId': '20230131090527NAL0012966947001', 'PlanYearBeginDate': '2022-01-01', 'PlanName': 'AXIS DIAGNOSTICS, INC. 401(K) PLAN', 'SponsorName': 'AXIS DIAGNOSTICS, INC.', 'SponsorUsAddress1': '1077 CENTRAL PARKWAY SOUTH', 'SponsorUsCity': 'SAN ANTONIO', 'SponsorUsState': 'TX', 'SponsorEin': '943474825', 'SponsorPhoneNumber': '2107214955', 'BusinessCode': '621510', 'TotalAssets': '104090', 'TotalExpenses': '90005', 'SignedAdminName': ''}",
    "row85": "{'AcknowledgementId': '20230131090611NAL0011487811001', 'PlanYearBeginDate': '2022-01-01', 'PlanName': 'FOXLAND INC. 401(K) PLAN', 'SponsorName': 'FOXLAND HARVESTORE, INC.', 'SponsorUsAddress1': '2500 TOWER DRIVE', 'SponsorUsCity': 'KAUKAUNA', 'SponsorUsState': 'WI', 'SponsorEin': '391251155', 'SponsorPhoneNumber': '9206217606', 'BusinessCode': '333100', 'TotalAssets': '5218578', 'TotalExpenses': '210382', 'SignedAdminName': 'BETH SOMMERFELD'}",
    "row86": "{'AcknowledgementId': '20230131090621NAL0011488083001', 'PlanYearBeginDate': '2022-01-01', 'PlanName': 'NGU, LLC 401(K) SAVINGS PLAN', 'SponsorName': 'NGU, LLC', 'SponsorUsAddress1': '3111 N. PEPPER RIDGE STREET', 'SponsorUsCity': 'WICHITA', 'SponsorUsState': 'KS', 'SponsorEin': '264032612', 'SponsorPhoneNumber': '3166508703', 'BusinessCode': '523900', 'TotalAssets': '138475', 'TotalExpenses': '120342', 'SignedAdminName': 'RUSSELL HALL'}",
    "row87": "{'AcknowledgementId': '20230131090752NAL0017898641001', 'PlanYearBeginDate': '2019-01-01', 'PlanName': 'AENC PW PLAN', 'SponsorName': 'ALLEN E. NELSON, JR. DBA A. E. NELSON CONSTRUCTION', 'SponsorUsAddress1': '205 THE OAKS ISLE', 'SponsorUsCity': 'VERSAILLES', 'SponsorUsState': 'KY', 'SponsorEin': '680056251', 'SponsorPhoneNumber': '8595332098', 'BusinessCode': '236110', 'TotalAssets': '53633', 'TotalExpenses': '0', 'SignedAdminName': 'ALLEN E. NELSON, JR.'}",
    "row88": "{'AcknowledgementId': '20230131090855NAL0017899201001', 'PlanYearBeginDate': '2022-01-01', 'PlanName': 'ACCREDITED CERTIFIERS ASSOCIATION, INC. 403(B) RETIREMENT PLAN', 'SponsorName': 'ACCREDITED CERTIFIERS ASSOCIATION, INC.', 'SponsorUsAddress1': '11716 KENNEDY LANE', 'SponsorUsCity': 'FREDERICKSBURG', 'SponsorUsState': 'VA', 'SponsorEin': '201327556', 'SponsorPhoneNumber': '5402262990', 'BusinessCode': '611000', 'TotalAssets': '0', 'TotalExpenses': '0', 'SignedAdminName': 'PATRICIA GAYLE MITCHELL'}",
    "row89": "{'AcknowledgementId': '20230131090934NAL0021752656001', 'PlanYearBeginDate': '2022-01-01', 'PlanName': 'MORRIS ELECTRONICS, INC. 401(K) PLAN', 'SponsorName': 'MORRIS ELECTRONICS, INC.', 'SponsorUsAddress1': '9 EAST STATE HWY 28', 'SponsorUsCity': 'MORRIS', 'SponsorUsState': 'MN', 'SponsorEin': '422768938', 'SponsorPhoneNumber': '3202872850', 'BusinessCode': '811210', 'TotalAssets': '1135621', 'TotalExpenses': '29821', 'SignedAdminName': 'DEBRA LARSEN'}",
    "row90": "{'AcknowledgementId': '20230131091212NAL0017900753001', 'PlanYearBeginDate': '2022-01-01', 'PlanName': 'HOLMAN AVIATION CO. 401K PLAN & TRUST', 'SponsorName': 'HOLMAN AVIATION COMPANY', 'SponsorUsAddress1': '1940 AIRPORT COURT', 'SponsorUsCity': 'GREAT FALLS', 'SponsorUsState': 'MT', 'SponsorEin': '810293274', 'SponsorPhoneNumber': '4064537613', 'BusinessCode': '481000', 'TotalAssets': '2790459', 'TotalExpenses': '54297', 'SignedAdminName': 'DWIGHT HOLMAN'}",
    "row91": "{'AcknowledgementId': '20230131091431NAL0011493299001', 'PlanYearBeginDate': '2022-01-01', 'PlanName': 'HUMBOLDT PACIFIC MORTGAGE CORP. 401(K) PROFIT SHARING PLAN', 'SponsorName': 'HUMBOLDT PACIFIC MORTGAGE CORP.', 'SponsorUsAddress1': '2145 MYRTLE AVENUE', 'SponsorUsCity': 'EUREKA', 'SponsorUsState': 'CA', 'SponsorEin': '870895817', 'SponsorPhoneNumber': '7078450577', 'BusinessCode': '522130', 'TotalAssets': '6082', 'TotalExpenses': '481', 'SignedAdminName': ''}",
    "row92": "{'AcknowledgementId': '20230131091448NAL0020118704001', 'PlanYearBeginDate': '2022-01-01', 'PlanName': 'LITTLE BLACK RAIN CLOUD, INC. 401(K) PROFIT SHARING PLAN', 'SponsorName': 'LITTLE BLACK RAIN CLOUD, INC.', 'SponsorUsAddress1': '41 WEST 96TH STREET', 'SponsorUsCity': 'NEW YORK', 'SponsorUsState': 'NY', 'SponsorEin': '472797432', 'SponsorPhoneNumber': '9177565083', 'BusinessCode': '621900', 'TotalAssets': '203524', 'TotalExpenses': '20', 'SignedAdminName': ''}",
    "row93": "{'AcknowledgementId': '20230131235215NAL0013943475001', 'PlanYearBeginDate': '2022-01-01', 'PlanName': 'ADVANCED PLASTIC SURGERY 401(K) PLAN', 'SponsorName': 'ADVANCED PLASTIC SURGERY INSTITUTE, PLLC', 'SponsorUsAddress1': '1482 E. WILLIAMS FIELD RD.', 'SponsorUsCity': 'GILBERT', 'SponsorUsState': 'AZ', 'SponsorEin': '463078431', 'SponsorPhoneNumber': '4804667355', 'BusinessCode': '621399', 'TotalAssets': '298671', 'TotalExpenses': '', 'SignedAdminName': 'JOSHUA OLSON'}",
    "row94": "{'AcknowledgementId': '20230131235705NAL0012394739001', 'PlanYearBeginDate': '2022-01-01', 'PlanName': 'NAVI PACIFIC CONSTRUCTION, INC. 401(K) PLAN AND TRUST', 'SponsorName': 'NAVI PACIFIC CONSTRUCTION, INC.', 'SponsorUsAddress1': '1335 - 120TH AVENUE N.E.', 'SponsorUsCity': 'BELLEVUE', 'SponsorUsState': 'WA', 'SponsorEin': '912087403', 'SponsorPhoneNumber': '4252336460', 'BusinessCode': '238100', 'TotalAssets': '1980889', 'TotalExpenses': '38810', 'SignedAdminName': 'VADIM DUTKA'}",
    "row95": "{'AcknowledgementId': '20230201005823NAL0039168626001', 'PlanYearBeginDate': '2022-01-01', 'PlanName': 'ZYLUX AMERICA, INC. 401(K) PLAN', 'SponsorName': 'ZYLUX AMERICA, INC.', 'SponsorUsAddress1': '30 HUGHES SUITE 200', 'SponsorUsCity': 'IRVINE', 'SponsorUsState': 'CA', 'SponsorEin': '364564084', 'SponsorPhoneNumber': '9497066801', 'BusinessCode': '423600', 'TotalAssets': '1267349', 'TotalExpenses': '26922', 'SignedAdminName': 'WYATT BRIANT'}",
    "row96": "{'AcknowledgementId': '20230201051352NAL0023697216001', 'PlanYearBeginDate': '2022-01-01', 'PlanName': 'METZLER LOCRICCHIO SERRA & CO 401(K) PROFIT SHARING PLAN & TRUST', 'SponsorName': 'METZLER LOCRICCHIO SERRA & CO', 'SponsorUsAddress1': '1800 W BIG BEAVER RD STE 100', 'SponsorUsCity': 'TROY', 'SponsorUsState': 'MI', 'SponsorEin': '382488264', 'SponsorPhoneNumber': '2488229010', 'BusinessCode': '541211', 'TotalAssets': '7232717', 'TotalExpenses': '223712', 'SignedAdminName': 'MICHAEL LOCRICCHIO'}",
    "row97": "{'AcknowledgementId': '20230201054719NAL0022068912001', 'PlanYearBeginDate': '2022-01-01', 'PlanName': 'VERMETTE ORTHODONTICS, PA CASH BALANCE PLAN', 'SponsorName': 'VERMETTE ORTHODONTICS, PA', 'SponsorUsAddress1': '2 WALL STREET', 'SponsorUsCity': 'CONCORD', 'SponsorUsState': 'NH', 'SponsorEin': '020472826', 'SponsorPhoneNumber': '6032249119', 'BusinessCode': '621210', 'TotalAssets': '1473048', 'TotalExpenses': '3670', 'SignedAdminName': 'MICHAEL VERMETTE'}",
    "row98": "{'AcknowledgementId': '20230201054747NAL0023725824001', 'PlanYearBeginDate': '2022-01-01', 'PlanName': 'VERMETTE ORTHODONTICS, P.A. PROFIT SHARING PLAN', 'SponsorName': 'VERMETTE ORTHODONTICS, P.A.', 'SponsorUsAddress1': '2 WALL STREET', 'SponsorUsCity': 'CONCORD', 'SponsorUsState': 'NH', 'SponsorEin': '020472826', 'SponsorPhoneNumber': '6032249119', 'BusinessCode': '621210', 'TotalAssets': '4907162', 'TotalExpenses': '117892', 'SignedAdminName': 'MICHAEL VERMETTE'}",
    "row99": "{'AcknowledgementId': '20230201055139NAL0039583122001', 'PlanYearBeginDate': '2022-01-01', 'PlanName': \"IMPERIAL PARK 'N SHOP, INC. 401(K) PROFIT SHARING PLAN\", 'SponsorName': \"IMPERIAL PARK 'N SHOP, INC\", 'SponsorUsAddress1': '10 AIRPORT ROAD', 'SponsorUsCity': 'DUDLEY', 'SponsorUsState': 'MA', 'SponsorEin': '844815903', 'SponsorPhoneNumber': '5086719003', 'BusinessCode': '445110', 'TotalAssets': '2964034', 'TotalExpenses': '599235', 'SignedAdminName': 'KEVIN MEEHAN'}",
    "row100": "{'AcknowledgementId': '20230201061318NAL0018061681001', 'PlanYearBeginDate': '2022-01-01', 'PlanName': 'ESQUIRE EQUITY LLC 401(K) P/S PLAN', 'SponsorName': 'ESQUIRE EQUITY LLC', 'SponsorUsAddress1': '3711 KNOLLCROFT ST', 'SponsorUsCity': 'EASTON', 'SponsorUsState': 'PA', 'SponsorEin': '273545061', 'SponsorPhoneNumber': '4845440022', 'BusinessCode': '541110', 'TotalAssets': '88', 'TotalExpenses': '88', 'SignedAdminName': 'RAYMOND LAHOUD'}"
}